{"cameraMode":{"drawMode":0,"name":"Shaded","section":"Shading Mode"},"sceneLighting":true,"audioPlay":false,"sceneViewState":{"m_AlwaysRefresh":false,"showFog":true,"showSkybox":true,"showFlares":true,"showImageEffects":true,"showParticleSystems":true,"showVisualEffectGraphs":true,"m_FxEnabled":true},"in2DMode":false,"pivot":{"x":-3.7699594497680666,"y":1.950718879699707,"z":-1.1006628274917603},"rotation":{"x":-0.022033562883734704,"y":0.7902118563652039,"z":-0.02846023254096508,"w":-0.6117766499519348},"size":4.611944198608398,"orthographic":true}