{"cameraMode":{"drawMode":0,"name":"Shaded","section":"Shading Mode"},"sceneLighting":true,"audioPlay":false,"sceneViewState":{"m_AlwaysRefresh":false,"showFog":true,"showSkybox":true,"showFlares":true,"showImageEffects":true,"showParticleSystems":true,"showVisualEffectGraphs":true,"m_FxEnabled":true},"in2DMode":false,"pivot":{"x":0.24869711697101594,"y":2.866896152496338,"z":-0.6286770701408386},"rotation":{"x":-0.020270001143217088,"y":0.9767645001411438,"z":-0.10738736391067505,"w":-0.1844295710325241},"size":8.27232551574707,"orthographic":true}